avantages_inconvenients;avis_commentaire;avis_etat_emploi;avis_localisation;avis_note;fichier_source;id_avis_soc;nom_societe;note_moyenne
Avantages : Sujets innovants, soin et attention portés aux collaborateurs, ambiance de travail Inconvénients : aucun inconvénient. La direction est à l'écoute de ses employés.;Je travaille chez Devoteam à temps plein depuis plus de 3 ans;Employé actuel - Senior Manager;Levallois-Perret;5;13546-AVIS-SOC-GLASSDOOR-E12966_P1.html;1;Devoteam;4.1
NULL NULL;Je travaille chez Dassault Systemes à temps plein depuis plus de 8 ans;Employé actuel - Ingénieur R&D;Vélizy;2;13558-AVIS-SOC-GLASSDOOR-E6162_P2.html;10;Dassault Systemes;3.7
Avantages : beaucoup d'autonomie une bonne ambiance entre l'équipe Inconvénients : public ,motivation et salaire pas assez;J'ai travaillé chez cerema à temps plein plus d'un an;Ancien stagiaire - Ingénieur R&D;Angers;2;13668-AVIS-SOC-GLASSDOOR-E1127933_P1.html;100;cerema;3.9
Avantages : la diversité des profils une opportunité pour apprendre et découvrir le métier de la recherche scientifique dans le but de résoudre des problèmes du quotidien Inconvénients : Manque d'organisation la restauration est trop chère pour un stagiaire;J'ai travaillé chez cerema à;Ancien stagiaire - Stagiaire anonyme;;3;13668-AVIS-SOC-GLASSDOOR-E1127933_P2.html;101;cerema;3.9
Avantages : Aucun avantages vu l’indifference De la Dirsction vis à vis des collaborateurs Inconvénients : Aucune considération, une Direction Générale avec qui il est impossible de dialoguer, un service des Ressources Humaines géré par une incompétente qui pense révolutionner le secteur....;J'ai travaillé chez Paris Inn Group à temps plein plus de 3 ans;Ancien employé - Employé anonyme;Paris;4;13673-AVIS-SOC-GLASSDOOR-E1464013_P1.html;102;Paris Inn Group;2.2
Avantages : Aucun avantage à travailler pour Pais Inn Group. Beaucoup d'efforts et d'investissement personnel qui ne sont jamais récompensés Inconvénients : Salaires Bas, horaires à ralonge même si nous sommes dans l'hôtellerie L'ambiance est tendue avec es équipes constamment sous pression;J'ai travaillé chez Paris Inn Group à;Réceptionniste;;1;13673-AVIS-SOC-GLASSDOOR-E1464013_P2.html;103;Paris Inn Group;2.2
Avantages : 50% du pass Navigo/imagin'R Bonne ambiance de travail/open space Accès au restaurant d'entreprise Inconvénients : Il faut tomber sur un bon maître de stage Rémunération minimum pour un stage Tickets restaurants à partir de 3 mois de présence dans l'entreprise;J'ai travaillé chez Groupe Altice Média à temps plein;Ancien employé - Employé anonyme;Paris;2;13676-AVIS-SOC-GLASSDOOR-E1130981_P1.html;104;Groupe Altice Média;3.4
Avantages : Une ambiance sportive Des opportunitées & missions multiples Inconvénients : Difficultés de communication intermarques et interdépartements;J'ai travaillé chez CALIDA Group à;Ancien stagiaire - Stagiaire Marketing;Annecy-le-Vieux;4;13677-AVIS-SOC-GLASSDOOR-E1063459_P1.html;105;CALIDA Group;4.0
Avantages : avantage si on peut parler en ces mots, présent dans les top list des grands groupes... Inconvénients : relation entre le commercial et le collaborateur qui laisse à désirer. des mails qui sont répondus au bon de la deuxième ou troisième relance, obligé de mettre des ultimatums pour avoir des réponses. après je pense que ca reste du cas par cas. CEE pas intéressant, peu d'activités avec la société esn moyenne.;J'ai travaillé chez Logware à temps plein moins d'un an;Ancien employé - Chef De Projet;;2;13678-AVIS-SOC-GLASSDOOR-E379472_P1.html;106;Logware;3.6
Avantages : Suivi des consultants Ambiance générale Esprit familial Inconvénients : La vétusté des locaux du siège.;Je travaille chez Logware à temps plein depuis plus de 5 ans;Employé actuel - Employé anonyme;Paris;3;13678-AVIS-SOC-GLASSDOOR-E379472_P2.html;107;Logware;3.6
Avantages : Un bon équilibre vie professionnelle – vie privée Inconvénients : Micro management, pas de vrai processus. Travail en silos.;Je travaille chez Fortuneo SA à temps plein depuis plus d'un an;Employé actuel - Anonymous;Brest;2;13679-AVIS-SOC-GLASSDOOR-E906809_P1.html;108;Fortuneo SA;3.5
NULL NULL;Je travaille chez Fortuneo SA à depuis plus de 3 ans;Intérimaire actuel - gestionnaire middle office;Brest;3;13679-AVIS-SOC-GLASSDOOR-E906809_P2.html;109;Fortuneo SA;3.5
Avantages : école sérieuse, formant de bons ingénieurs, reconnu auprès de l'industrie Inconvénients : relation avec le corps enseignant;Je travaille chez SolidWorks à temps plein depuis plus de 3 ans;Employé actuel - Employé anonyme;Metz;4;13559-AVIS-SOC-GLASSDOOR-E13824_P1.html;11;SolidWorks;3.5
NULL NULL;Je travaille chez Adsearch à depuis moins d'un an;Stagiaire actuel - Chargée De Recrutement;Bordeaux, Aquitaine;4;13689-AVIS-SOC-GLASSDOOR-E2098670_P1.html;110;Adsearch;4.5
Avantages : La bonne humeur, l'entraide et la jeunesse d'esprit de tous les adsearchers. Inconvénients : Aucuns inconvénients probants. La marque se développe rapidement alors parfois l'organisation est un peu fouillis mais voilà tout.;Je travaille chez Adsearch à temps plein depuis moins d'un an;Employé actuel - Consultante;;5;13689-AVIS-SOC-GLASSDOOR-E2098670_P2.html;111;Adsearch;4.5
Avantages : Travailler dans une société où la simplicité et l'humain sont au coeur de la structure. Bienveillance en interne pour que être bienveillant avec nos candidats et intérimaires. Les salaires fixes ne sont pas énormes mais le variable est important et ACCESSIBLE ! La direction n'est qu'à un ou deux niveau au dessus de chaque employé ! Vous pouvez communiquer avec votre DG sans problème Inconvénients : Comme toutes sociétés de recrutement, très peu d'avantages. Mais des supérieurs attentifs aux bien être des salariés.;Je travaille chez Groupe Adéquat à temps plein depuis plus de 3 ans;Employé actuel - Consultant recrutement;Lyon;2;13691-AVIS-SOC-GLASSDOOR-E1130973_P1.html;112;Groupe Adéquat;3.9
Avantages : Groupe familiale dans lequel le travail, le respect des personnes et la prise en compte de l'évolution personnelle ne sont pas de vains mots. L'encadrement soutient ses collaborateurs dans les bons comme dans les mauvais moments. Les équipes ont la liberté de pouvoir proposer des projets et d'être entendu. Inconvénients : Il n'y a pas de CE.;Je travaille chez Groupe Adéquat à temps plein depuis plus de 10 ans;Employé actuel - chargée de compte;Poitiers;4;13691-AVIS-SOC-GLASSDOOR-E1130973_P2.html;113;Groupe Adéquat;3.9
Avantages : Des personnes habiles avec de fortes compétences en technologie « Vous la bâtissez, vous la gérez, vous faites son suivi » « pas de blâme, pas de pitié » Vous avez les outils dont vous avez besoin Possibilité de vous exprimer tout en renforçant votre expertise Pragmatisme, esprit d'entreprise et autonomie Inconvénients : Je n'ai pas trouvé grand chose à dire.;Je travaille chez Teads à temps plein depuis plus de 3 ans;Employé actuel - Ingénieur logiciel sénior;;4;13692-AVIS-SOC-GLASSDOOR-E929611_P1.html;114;Teads;3.6
Avantages : Très bonne ambiance de travail, esprit start-up malgré les nombreux effectifs. Inconvénients : Quelques difficultés de communication entre les 2 sites (Paris et Montpellier). L'idéal serait de regrouper les 2 bureaux en 1.;J'ai travaillé chez Teads à;;;1;13692-AVIS-SOC-GLASSDOOR-E929611_P2.html;115;Teads;3.6
Avantages : C'est un excellent lieu de travail, il n'y a pas trop de bureaucratie, et tout le monde souhaite faire avancer le produit. De nombreuses technologies adaptées (go, python, es6/react), des ingénieurs intelligents et sympathiques, de bons avantages en terme de bureaux, d'en-cas et de nourriture. Le PDG et le DT s'engagent vraiment pour leur entreprise et sont accessibles, ce qui est rare dans un entreprise de...cette taille. Très bonne culture d'entreprise également : personne n'est rendu coupable, des retours systématiques et une bonne responsabilité vis-à-vis des clients.Dérouler Inconvénients : Ce champ doit contenir 5 mots pour être valide, mais, vraiment, il n'y a rien à dire !;Je travaille chez Datadog à temps plein depuis moins d'un an;Employé actuel - ingénieur front-end;Paris;5;13693-AVIS-SOC-GLASSDOOR-E762009_P1.html;116;Datadog;3.7
Avantages : International Ambiance salaire carrière evolution Inconvénients : Horaires manque de dynamisme affaires;Je travaille chez LVMH à temps plein depuis plus d'un an;Employé actuel - Chef De Produits;;4;13699-AVIS-SOC-GLASSDOOR-E3489_P1.html;117;LVMH;3.7
Avantages : l'emplacement et la facilité pour integrer l'entreprise Inconvénients : salaire faible, aucune flexibilité, manque d'organisation, de transparence et de clareté;Je travaille chez LVMH à temps plein depuis moins d'un an;Employé actuel - Directeur général;;1;13699-AVIS-SOC-GLASSDOOR-E3489_P2.html;118;LVMH;3.7
Avantages : Profesionnalisant et formateur une très bonne expérience chez Céline Avec un véritable esprit d'équipe Inconvénients : Journée longues en vente;J'ai travaillé chez CELINE à temps plein moins d'un an;Ancien employé - CDD en vente;Cannes;4;13700-AVIS-SOC-GLASSDOOR-E1127781_P1.html;119;CELINE;3.0
NULL NULL;J'ai travaillé chez 2S2I Solutions & Services à moins d'un an;Ancien freelance - Consultant ITSM;Élancourt;4;13562-AVIS-SOC-GLASSDOOR-E1303620_P1.html;12;2S2I Solutions & Services;3.3
Avantages : Have chance to be involved in international projet with different stakeholders Good profits sharing. Employee discount Inconvénients : Stressfull work environement Less budget for IT;Je travaille chez CELINE à temps plein depuis moins d'un an;Ancien employé - IS Project Manager;;4;13700-AVIS-SOC-GLASSDOOR-E1127781_P2.html;120;CELINE;3.0
Avantages : J'ai eu l'occasion d'effectuer un stage de 6 mois au sein du Groupe Les Echos, qui a été pour moi très formateur. J'y ai retrouvé : - De la convivialité - De l'écoute - De l'intérêt pour les contenus produits par chaque service - Une reconnaissance de son travail Inconvénients : En tant que stagiaire nous ne gagnons pas énormément, seul petit désagrément.;J'ai travaillé chez Les Echos à moins d'un an;Ancien stagiaire - Digital Analyst;Paris;3;13701-AVIS-SOC-GLASSDOOR-E1132974_P1.html;121;Les Echos;3.8
Avantages : Equipes très sympathiques, missions interessantes Inconvénients : Missions répététives sur le long terme;Je travaille chez Les Echos à temps plein depuis plus de 3 ans;Employé actuel - Responsable commercial;Paris;3;13701-AVIS-SOC-GLASSDOOR-E1132974_P2.html;122;Les Echos;3.8
NULL NULL;J'ai travaillé chez Kendo à temps plein plus de 3 ans;Ancien employé - Responsable Informatique;Casablanca;3;13702-AVIS-SOC-GLASSDOOR-E1159854_P1.html;123;Kendo;2.8
Avantages : évolutions possibles, PEG, PERCO, Vacances, CE Inconvénients : organisation matricielle complexe, silo, lenteur administrative;Je travaille chez Sanofi à temps plein depuis plus de 3 ans;Employé actuel - Analyste commercial;São Paulo, São Paulo;3;13704-AVIS-SOC-GLASSDOOR-E9347_P1.html;124;Sanofi;3.6
Avantages : Une organisation importante/une forte présence géographique Inconvénients : Réactivité lente/pas des premiers à bouger;J'ai travaillé chez Sanofi à temps plein plus d'un an;Employé actuel - Employé anonyme;Lyon;5;13704-AVIS-SOC-GLASSDOOR-E9347_P2.html;125;Sanofi;3.6
Avantages : Bon salaire, bonne cantine, site très agréable Inconvénients : Le job est peu varié car l'entreprise est très cloisonnée.;Je travaille chez Sanofi Pasteur à temps plein depuis plus de 5 ans;Employé actuel - Responsable qualité;;4;13705-AVIS-SOC-GLASSDOOR-E2762239_P1.html;126;Sanofi Pasteur;4.0
Avantages : La meilleure chose est sans nul doute les gens avec lesquels je travaille quotidiennement. Pas de problème avec le salaire et les avantages mais ce ne sont pas des facteurs très importants pour moi. Inconvénients : Aucun moyen d'échanger avec la direction. Je me sens comme un très petit poisson dans une très grande mare. La bureaucratie mécaniste rend difficile l'adaptation à un marché changeant.;Je travaille chez Merial à temps plein depuis plus de 5 ans;Employé actuel - Anonymous;Toulouse;3;13706-AVIS-SOC-GLASSDOOR-E19928_P1.html;127;Merial;4.0
Avantages : de nombreux avantages liés à une super convention collective (congés, intéressement, primes...) , un environnement de travail moderne et motivant, une culture d'entreprise dynamique et tournée vers l'innovation, de nombreuses possibilités de mobilités Inconvénients : des outils pas toujours à la hauteur des ambitions, une organisation en interne trop complexe;Je travaille chez Groupe Crédit Agricole à temps plein depuis plus d'un an;Employé actuel - Analyste en pilotage;Toulouse;5;13708-AVIS-SOC-GLASSDOOR-E4252_P1.html;128;Groupe Crédit Agricole;3.8
NULL NULL;Je travaille chez Groupe Crédit Agricole à temps plein depuis moins d'un an;Employé actuel - Conseiller commercial;Auxerre;4;13708-AVIS-SOC-GLASSDOOR-E4252_P2.html;129;Groupe Crédit Agricole;3.8
Avantages : j'en vois pas!!! a part boire du champagne dans les salons st congrès clients!!!! Inconvénients : Une boîte de copains! ne pas confondre fidélité et copinage! aucune politique RH! croissance par rachat successif! pas de projet collectif! une boîte qui n'a pas d'âme ,pas d'identité!;Je travaille chez CEGID à temps plein depuis plus d'un an;Employé actuel - Cadre commercial;Lille;1;13563-AVIS-SOC-GLASSDOOR-E13082_P1.html;13;CEGID;2.7
Avantages : beaucoup d'avantages ( salaire, déplacements..) si et seulement si on est pistonné! Inconvénients : une banque qui manque cruellement de bons profils! un département Rh nullissime et un social presque inexistant! un management absent et sans efficacité. une multitude de postes de responsabilité et d'avantages financiers attribués à des profils sans mérite! Une hiérarchie qui ne motive pas ses collaborateurs!;Je travaille chez Groupe Crédit Agricole du Maroc à temps plein depuis plus de 8 ans;Employé actuel - chef de département;Settat;1;13709-AVIS-SOC-GLASSDOOR-E1365869_P1.html;130;Groupe Crédit Agricole du Maroc;3.3
Avantages : Bien encadre lors de mon stage Appris enormement Collegues tres sympas Inconvénients : Ils ne recrutent pas assez de stagiaires;J'ai travaillé chez Groupe Crédit Agricole du Maroc à;;Rabat;3;13709-AVIS-SOC-GLASSDOOR-E1365869_P2.html;131;Groupe Crédit Agricole du Maroc;3.3
NULL NULL;Je travaille chez CACIB à temps plein depuis plus de 3 ans;Employé actuel - Contrôleur de produit;Montrouge;5;13710-AVIS-SOC-GLASSDOOR-E476908_P1.html;132;CACIB;3.5
Avantages : comité d'entreprise (voyages et réductions sur les places de cinéma, etc.), plan d'épargne d'entreprise Inconvénients : Mauvaise gestion, la direction centrale est organisée en pyramide, impossible d'y accéder. RH inexistante;Je travaille chez CACIB à temps plein depuis plus de 5 ans;Employé actuel - Analyste KYC;Montrouge;2;13710-AVIS-SOC-GLASSDOOR-E476908_P2.html;133;CACIB;3.5
Avantages : J’y effectue mon alternance en RH. Je recommencerais cette entreprise pour l’esprit d’équipe et le sens du service client. Il existe une réelle volonté de soutenir et d’aider les collaborateurs du réseau. L’offre de formation est très importante, surtout pour les managers : l’entreprise souhaite voir changer ses modes de management vers un management bienveillant et met les moyens pour y arriver ! Je suis fière...de travailler dans cette entreprise.Dérouler Inconvénients : Charge de travail très importante Pas d’embauche pour les CDD (y compris alternants) dans les fonctions support;Je travaille chez Crédit Agricole d'Ile de France à temps plein depuis plus d'un an;Employé actuel - Chargé de projet rh - alternance;Rungis;4;13711-AVIS-SOC-GLASSDOOR-E3043501_P1.html;134;Crédit Agricole d'Ile de France;3.5
Avantages : Beaucoup de congés et très bon parcours de formation avec de grandes écoles. Inconvénients : Le salaire trop bas. Trop traditionnelle.;J'ai travaillé chez Crédit Agricole d'Aquitaine à temps plein;Ancien employé - Employé anonyme;;3;13712-AVIS-SOC-GLASSDOOR-E3041003_P1.html;135;Crédit Agricole d'Aquitaine;3.4
Avantages : 13 mois et intéressement Inconvénients : Évolution de poste extrêmement lente Pression commerciale (toujours plus de vente) Manque d’empathie de la direction;Je travaille chez Crédit Agricole à temps plein depuis plus de 3 ans;Employé actuel - Conseiller commercial;Coutances;2;13713-AVIS-SOC-GLASSDOOR-E3142186_P1.html;136;Crédit Agricole;0.0
Avantages : Bonne ambiance en général Inconvénients : Visibilité moyenne, évolution plutôt faible;J'ai travaillé chez Lectra à temps plein plus d'un an;Ancien employé - Anonymous;Paris;3;13714-AVIS-SOC-GLASSDOOR-E10777_P1.html;137;Lectra;3.5
Avantages : la situation des locaux français est agréable. Inconvénients : pas de télétravail à l'ordre du jour;J'ai travaillé chez Lectra à temps plein;Ancien employé - Employé anonyme;Grenoble;2;13714-AVIS-SOC-GLASSDOOR-E10777_P2.html;138;Lectra;3.5
Avantages : Ambiance des équipes et entraide Inconvénients : tout le reste et encore plus encore;J'ai travaillé chez Sopra Steria à temps plein plus de 3 ans;Ancien employé - Lead Technique;;3;13716-AVIS-SOC-GLASSDOOR-E466295_P1.html;139;Sopra Steria;3.4
Avantages : Une société leader du marché Inconvénients : manque de reconnaissance par les managers;Je travaille chez CEGID à temps plein depuis plus de 8 ans;Employé actuel - Consultant fonctionnel;Aix;3;13563-AVIS-SOC-GLASSDOOR-E13082_P2.html;14;CEGID;2.7
Avantages : Autonomie totale en mission Missions dans de grandes entreprises et projets de grande envergure Inconvénients : Management absent & suivi inexistant Peu d’effort dans la cohésion des équipes Dialogue avec la direction impossible en cas de désaccord;Je travaille chez Sopra Steria à temps plein depuis plus de 8 ans;Employé actuel - Junior Consultant;Paris;5;13716-AVIS-SOC-GLASSDOOR-E466295_P2.html;140;Sopra Steria;3.4
Avantages : Ambiance conviviale Avantages Mutuelle, CE Possibilité d'évolution interne Inconvénients : Salaire Non augmentation Discrimination au niveau de l'âge;Je travaille chez Sopra Steria Recruitment à temps partiel;Employé actuel - Employé anonyme;;4;13717-AVIS-SOC-GLASSDOOR-E1187250_P1.html;141;Sopra Steria Recruitment;4.0
Avantages : L'agence d'Aix-en-Provence de CITECH m'a très bien accueilli. J'ai été accompagné lors de la préparation des entretiens, lors de ces mêmes entretiens et également tout au long de ma mission grâce à des suivis réguliers. J'ai beaucoup apprécié d'avoir été soutenu et d'avoir eu une certaine liberté. Inconvénients : La société n'as malheureusement pas de CE.;J'ai travaillé chez CITECH à temps plein plus d'un an;Ancien employé - Ingénieur Développement Logiciel;Montpellier;4;13718-AVIS-SOC-GLASSDOOR-E1881876_P1.html;142;CITECH;4.6
Avantages : Aide de pôle emploi si on n'a pas droit au chômage (entre 300 et 400€/ mois) Inconvénients : Formation de mauvaise qualité : le formateur nous dit tout et son contraire, n'est pas impliqué, les 'cours' flou et peu expliqué. Quand un ou deux élèves ne comprennent pas, on peut pensé que le pb vient des élèves, quand plus de la moitié de comprend pas... heureusement, nous avons trouvé de bonnes ressources sur internet, et les deux personnes (élèves) ayant des bases en programmation ont pris le temps...d'expliquer aux autres. Pour ce qui est de la communication avec les RH, ils faut quémander sans cesse les informations, relancer plusieurs fois pour espérer avoir une réponse. Le temps est consacré au recrutement, mais une fois que l'on rentre chez adaming, la musique n'est plus la même, et les personnes qui paraissaient à l'écoute et disponibles ne le sont plus du tout. Enfin il n'y a aucune volonté de résoudre les pb : nous avons fait des retours réguliers sur les difficultés rencontrées avec le formateur et aucune solution n'a été trouvé. J'ai pu observer les mêmes difficultés au sein des autres promotions en formation en même temps que nous. J'ai vu également plusieurs personnes se retrouver sans entreprises à la fin de leur formation et attendre dans les locaux. Alors que les autres avis semblent décrire une formation exceptionnelle, je ne comprends pas que toutes les formations ne soient pas de cette qualité. A moins que ces avis ne soient pas le reflet de la réalité ? Je ne parlerai même pas des salaires ridiculement bas par rapport au marché.Dérouler;J'ai travaillé chez Group Adaming à temps plein moins d'un an;Ancien employé - Ingénieur Étude Et Développement;Tunis;5;13722-AVIS-SOC-GLASSDOOR-E1256638_P1.html;143;Group Adaming;3.1
Avantages : Cette entreprise aide à s'insérer dans le domaine de l'informatique en proposant une formation Java JEE . Inconvénients : Pas de suivi de ses consultants.;J'ai travaillé chez Group Adaming à temps plein plus d'un an;Ancien employé - Development Engineer;Lyon;2;13722-AVIS-SOC-GLASSDOOR-E1256638_P2.html;144;Group Adaming;3.1
Avantages : Suivi de proximité avec les managers Bonne ambiance entre collègues Inconvénients : Que des missions régie La sensation d’appartenance pourrait être encore améliorée;Je travaille chez Micropole à temps plein depuis plus de 3 ans;Employé actuel - Chef De Projet;Lille;2;13723-AVIS-SOC-GLASSDOOR-E373493_P1.html;145;Micropole;3.2
Avantages : lieu, locaux, soiree entreprise, formation anglais Inconvénients : manque de communication , distance des managers;J'ai travaillé chez Micropole à temps plein plus de 3 ans;Ancien employé - Manager;Paris;2;13723-AVIS-SOC-GLASSDOOR-E373493_P2.html;146;Micropole;3.2
Avantages : RTT , les Tickes restaurant , une bonne mutuelle Inconvénients : Qualité des personnes recruté dernièrement;J'ai travaillé chez alptis assurances à temps plein plus d'un an;Ancien employé - Télé Conseiller;Lyon;4;13724-AVIS-SOC-GLASSDOOR-E1126011_P1.html;147;alptis assurances;3.4
Avantages : Bons avantages et bonne ambiance Les collaborateurs sont bienveillants Inconvénients : Hiérarchie trop présente freine la prise de décisions;Je travaille chez Plastic Omnium à temps plein depuis plus d'un an;Employé actuel - manager/responsable d'équipe;Fontaine, Belfort, Franche-Comté;5;13725-AVIS-SOC-GLASSDOOR-E10842_P1.html;148;Plastic Omnium;3.5
NULL NULL;Je travaille chez Plastic Omnium à temps plein depuis plus d'un an;Employé actuel - Ingénieur simulation;Bruxelles;1;13725-AVIS-SOC-GLASSDOOR-E10842_P2.html;149;Plastic Omnium;3.5
Avantages : Travail d'équipe et des opportunités de développement personnel. Inconvénients : Environnement exigeant avec de constants changements.;J'ai travaillé chez Bayer à temps plein moins d'un an;Ancien employé - Anonymous;Lyon;2;13564-AVIS-SOC-GLASSDOOR-E4245_P1.html;15;Bayer;3.9
Avantages : Ambiance, projets et la proximité avec la production Inconvénients : Le contexte qui s'est retrouvé perturbé;J'ai travaillé chez Mixt Composites Recyclables à temps plein plus d'un an;Ancien employé - Employé anonyme;;4;13727-AVIS-SOC-GLASSDOOR-E1261010_P1.html;150;Mixt Composites Recyclables;4.0
Avantages : Le CE est pas mal. Inconvénients : Des ambitions pour développer de nouveaux horizons, mais n'y mettent pas les moyens. Pas (peu) à l'écoute des souhaits du collaborateur.;J'ai travaillé chez Astek à temps plein moins d'un an;Ancien employé - Chef De Projet;Tours, Centre;4;13728-AVIS-SOC-GLASSDOOR-E200717_P1.html;151;Astek;2.9
Avantages : En plus de proposer les avantages classiques d'une assez grande SSII pour ses consultants, Astek (à Paris) semble mettre l'accent sur le recrutement de managers humains qui suivent autant que faire se peut leurs équipes. Surprenamment transparents et bienveillants, je n'y croyais plus mais ils existent ! Inconvénients : L'entreprise étant en pleine croissance, les managers ne sont pas toujours très disponibles pour leurs équipes, mais même ça c'est au dessus de la moyenne des SSII parce que j'ai vraiment eu l'impression que les managers faisaient leur possible pour être à l'écoute chez Astek, chose que je n'ai ressentie nulle part ailleurs.;J'ai travaillé chez Astek à temps plein plus d'un an;Ancien employé - Ingénieur Consultant Junior;Nice;5;13728-AVIS-SOC-GLASSDOOR-E200717_P2.html;152;Astek;2.9
Avantages : Pas de vraie bonne raison. Les bonnes raisons seraient si vous vous vouliez bavarder toute la journée et fumer à la pause café. Inconvénients : Si vous ne négociez pas un bon salaire dès le début, vous êtes bloqué avec jusqu'à la fin. Vous n'avez jamais d'augmentation ou alors il vous faut menacer de partir pour en avoir une. Pas de progression dans la carrière. Ils vous promettent des choses à l'oral puis trouvent des excuses pour les rendre caduques. Assurez-vous que vous avez par écrit tout ce dont vous avez parlé, autrement vous vous ferez avoir. Quand...vous exprimez votre mécontentement, ils n'écoutent pas.Dérouler;Je travaille chez Astek Group à temps plein depuis plus de 3 ans;Employé actuel - Anonymous;Biot, Provence-Alpes-Côte d'Azur;1;13729-AVIS-SOC-GLASSDOOR-E234791_P1.html;153;Astek Group;1.7
NULL NULL;Je travaille chez Keyrus Group à temps plein;Employé actuel - Consultant Confirmé;Levallois-Perret;2;13732-AVIS-SOC-GLASSDOOR-E158808_P1.html;154;Keyrus Group;4.0
Avantages : Pour les confirmés un salaire attrayant, une image extérieure waaaaaaw! Inconvénients : A l'intérieur, un vrai panier de crabes. Des commerciaux virés du jour au lendemain sans vraiment comprendre pourquoi. Aucune stratégie long terme. Des consultants isolés, en intercontras depuis des mois. De fausses valeurs, de vrais problèmes en internes entre les BU/Offres. Le commerce est considéré pour le responsable de tout les maux sans raison réelle. Je déconseille très fortement, sauf si vous avez...envie d'une relation 'SM' avec votre employeur...Dérouler;J'ai travaillé chez Keyrus Group à temps plein plus de 3 ans;Ancien employé - Senior Consultant;Lyon;3;13732-AVIS-SOC-GLASSDOOR-E158808_P2.html;155;Keyrus Group;4.0
Avantages : mobilité du job surtout le soir Inconvénients : trop de travail et partage de données;Je travaille chez Yongzhi Plastic Electronics (Shenzhen) Co. à;;;3;13733-AVIS-SOC-GLASSDOOR-E852040_P1.html;156;Yongzhi Plastic Electronics (Shenzhen) Co.;3.0
NULL NULL;Je travaille chez Thales à temps plein depuis plus de 3 ans;Ancien employé - Apprenti-ingénieur qualité;Vendôme, Centre;5;13734-AVIS-SOC-GLASSDOOR-E10358_P1.html;157;Thales;4.1
NULL NULL;J'ai travaillé chez Thales à temps plein plus de 3 ans;Employé actuel - R&D Manager;Cholet;4;13734-AVIS-SOC-GLASSDOOR-E10358_P2.html;158;Thales;4.1
Avantages : Ambiance multi-culturelle, responsabilités, CE, rencontre clients Inconvénients : Ambiance générale, complexité du programme, évolution et proposition lié à l'aspect politique;Je travaille chez Thales-Raytheon Systems à temps plein depuis plus d'un an;Employé actuel - Ingénieur Apprenti;Massy, Île-de-France;4;13736-AVIS-SOC-GLASSDOOR-E410527_P1.html;159;Thales-Raytheon Systems;3.0
Avantages : très bonne entreprise belle expérience bonne ambiance si c’était à refaire je le referai Inconvénients : Trop de changement dans l'entreprise;J'ai travaillé chez Bayer à temps plein plus de 10 ans;Ancien employé - assistant achats;Loos;5;13564-AVIS-SOC-GLASSDOOR-E4245_P2.html;16;Bayer;3.9
Avantages : Bien accueilli Travail intéressant Bonne entente au sein de l'équipe Inconvénients : Rien à redire sur les conditions de travail;J'ai travaillé chez L&T Thales Technology Services à;Ancien stagiaire - Stagiaire anonyme;;5;13737-AVIS-SOC-GLASSDOOR-E2947949_P1.html;160;L&T Thales Technology Services;3.5
Avantages : - Une politique de formation avantageuse - Management très accessible - Des projets internes innovants au smartlab (blockchain, machine learning) Inconvénients : Léger manque d'organisation pour les nouveaux entrants, il faut faire sa place;Je travaille chez JEMS Group à temps partiel depuis plus d'un an;Employé actuel - Chargée De Recrutement;Neuilly;3;13741-AVIS-SOC-GLASSDOOR-E1132227_P1.html;161;JEMS Group;4.3
Avantages : salaire motivante, communication ouverte avec les hiérarchies, formations sur les nouvelles technologies suivi continu avec ton commercial(déjeuné tout les 2 mois max) et les Afterworks chaque 3 mois permet la communication avec tous les collègue de Jems et avec les responsable et aussi et les personnel de RH si vous aurez des questions a posé c l'occasion. - salaire versé max le 28 de chaque mois. -assurance...maladie 100% - prime caque année.Dérouler Inconvénients : - y a pas trop de convention avec les lieux de loisir comme Disney land -des convention avec les restaux chez les client notamment la Société Genaral;Je travaille chez JEMS Group à temps plein depuis plus d'un an;Employé actuel - Senior Consultant;;4;13741-AVIS-SOC-GLASSDOOR-E1132227_P2.html;162;JEMS Group;4.3
Avantages : beaucoup d'avantaes, salaire education primes voyage Inconvénients : evolution faible, management local n'est pas bon,;Je travaille chez Capgemini à temps plein depuis moins d'un an;Employé actuel - Admin it;Casablanca;2;13745-AVIS-SOC-GLASSDOOR-E3803_P1.html;163;Capgemini;3.6
Avantages : ticket restaurant, cinema, sport, bonne ambiance, Inconvénients : Le salaire est proche de la moyenne.;Je travaille chez Capgemini à temps plein depuis plus de 5 ans;Employé actuel - Infrastructure Consultant;Blagnac;5;13745-AVIS-SOC-GLASSDOOR-E3803_P2.html;164;Capgemini;3.6
Avantages : Liberté, humilité, bienveillance, effort sur la formation et la valorisation des consultants Inconvénients : Peu d'esprit de corps, rémunération un peu en dessous du marché;Je travaille chez Capgemini Invent à temps plein depuis plus d'un an;Employé actuel - Learning Business Partner;Paris;1;13746-AVIS-SOC-GLASSDOOR-E589990_P1.html;165;Capgemini Invent;4.0
Avantages : L'application me plaît et la France est le pays de mes rêves. Inconvénients : Pas de défis professionnels.;J'ai travaillé chez Capgemini Invent à temps plein moins d'un an;Ancien employé - Peinture de maison;Paris;2;13746-AVIS-SOC-GLASSDOOR-E589990_P2.html;166;Capgemini Invent;4.0
Avantages : bonne humeur et bonne ambiance avec des RH à l'écoute ca change des autres ESN Expert technique toujours prêt à aider, Chef de projet à l’écoute , Equipe RH , présente et à l'écoute, Entreprise tournée vers l'humain, Inconvénients : l'accès à l'agence en transport en commun uniquement par BUS;Je travaille chez Open à temps plein depuis plus de 10 ans;Employé actuel - Scrum Master;Villeurbanne;2;13753-AVIS-SOC-GLASSDOOR-E13339_P1.html;167;Open;3.5
NULL NULL;J'ai travaillé chez Open à temps plein plus de 10 ans;Ancien employé - Concepteur AMOA Senior;Paris;3;13753-AVIS-SOC-GLASSDOOR-E13339_P2.html;168;Open;3.5
Avantages : Carte Tickets Restaurant + Mutuelle Inconvénients : Aucune considération du salarié dans l'ensemble de la hiérarchie.;Je travaille chez Open Minds Open Hearts Day Care à temps plein depuis moins d'un an;Employé actuel - Ingénieur Consultant;Tours, Centre;1;13755-AVIS-SOC-GLASSDOOR-E1762947_P1.html;169;Open Minds Open Hearts Day Care;2.0
Avantages : - Des valeurs reconnues et partagées par le plus grand nombre, qui permettent de créer une véritable dynamique entre les collaborateurs, - Une équipe soudée, - Des bureaux modernes et agréables, où il fait bon de travailler, - Chacun est libre d'apporter sa pierre à l'édifice pour faire grandir Abaka. Inconvénients : - Les plages horaires assez amples, - La localisation est un peu ex-centrée.;J'ai travaillé chez Abaka à;Ancien stagiaire - Stagiaire anonyme;;4;13570-AVIS-SOC-GLASSDOOR-E1394648_P1.html;17;Abaka;4.8
NULL NULL;Je travaille chez OpenText à temps plein depuis plus de 8 ans;Employé actuel - Solutions Consultant;;4;13758-AVIS-SOC-GLASSDOOR-E5694_P1.html;170;OpenText;3.2
NULL NULL;Je travaille chez OpenText à temps plein;Employé actuel - Anonymous;Paris;2;13758-AVIS-SOC-GLASSDOOR-E5694_P2.html;171;OpenText;3.2
Avantages : Bonne ambiance de travail Travail en Open space Proximité avec ses supérieurs Inconvénients : Sentiments d'être peu considéré UN élément de l'équipe génère des tensions au sein de l'entreprise;J'ai travaillé chez Open Sourcing à;Ancien stagiaire - Chargée De Recrutement;Levallois-Perret;4;13760-AVIS-SOC-GLASSDOOR-E1194086_P1.html;172;Open Sourcing;3.0
Avantages : Process de recrutement efficace et humain Formations métiers en continu Environnement stimulant et challengeant Inconvénients : Manque de managment auprès des équipes;J'ai travaillé chez Artefact à temps plein;Ancien employé - Junior Consultant;Paris;3;13761-AVIS-SOC-GLASSDOOR-E1366034_P1.html;173;Artefact;4.0
Avantages : - Des collègues à l'écoute & sympas - un vrai sentiment d'équipe - Des équipes pros - forts dans leurs domaines d'activité - Un réseau international: besoin d'aide sur le social listening en Asie? Le bureau de Shanghai est là pour vous. Un client au Danemark? Le bureau de Copenhague est à votre disposition. - Missions au coeur de l'actualité digitale: machine learning, intelligence artificielle, big data,...MarTech... - Formations en continue: tout le monde doit progresser - et l'infrastructure y est présenteDérouler Inconvénients : - Croissance +++ : on est en forte demande dès les premières semaines - l'organisation de son temps est crucial pour la réussite! (mais l'entreprise y est consciente - formation productivité dès l'arrivée...);J'ai travaillé chez Artefact à temps plein moins d'un an;Employé actuel - manager conseil;Paris;3;13761-AVIS-SOC-GLASSDOOR-E1366034_P2.html;174;Artefact;4.0
Avantages : Carte Apetiz, mutuelle, remboursement à 50% des titres de transports Inconvénients : Les horaires : le rythme est soutenu;Je travaille chez Artefact Group à temps plein depuis moins d'un an;Employé actuel - Employé anonyme;;5;13762-AVIS-SOC-GLASSDOOR-E253138_P1.html;175;Artefact Group;3.9
Avantages : Expérience personnellement enrichissante de par la diversité des projets gérés durant mes 4 ans. Inconvénients : Un studio qui gagne à être davantage connu;J'ai travaillé chez Artefacts Studio à;;;5;13764-AVIS-SOC-GLASSDOOR-E1164584_P1.html;176;Artefacts Studio;4.6
Avantages : Équipe jeune, dynamique. Entreprise innovante dans un secteur très porteur. A signé avec Microsoft Corp de Boston. Entreprise qui développe un algorithme qui est recherché à l'international et commence à s'ouvrir en France. Dans l'optique de signer des marchés en Europe et aux Etats-unis. Inconvénients : Situation à Malakoff pour l'instant;Je travaille chez Openfield Live à temps plein;Employé actuel - Employé anonyme;;4;13767-AVIS-SOC-GLASSDOOR-E1387356_P1.html;177;Openfield Live;2.4
Avantages : A Zürich, il y a vraiment une philosophie qui vise à s'assurer que tout le monde profite de ses journées et que le succès du travail en résulte. Skier tous les week-ends en hiver Se prélasser au soleil pendant les mois d'été (toujours +30C). Baignade à l'heure du déjeuner dans le lac/la rivière. Au bureau, on se sent en famille, car tout le monde traite tout le monde avec respect comme un membre de la famille....Primes sur mesure pour le bureau suisse. Beaucoup d'opportunités de croissance interne et ensuite déménagement à l'étranger ou à Londres à un certain niveau. L'évaluation des candidats et des clients en Suisse est très bonne et nous les rencontrons souvent dans les bars, etc.Dérouler Inconvénients : Coût de la vie (nourriture, dans les restaurants et les supermarchés) - vous recevez cependant des récompenses pour compenser.;Je travaille chez Phaidon International à;Directeur des ventes senior;Zurich;4;13769-AVIS-SOC-GLASSDOOR-E658429_P1.html;178;Phaidon International;3.9
Avantages : Ambiance familiale, dynamique, on nous donne les moyens d'innover et de se lancer dans différents projets. La direction soutient ses employés et est souple et accessible très facilement. Fort accompagnement RH/Commercial Inconvénients : Demande un investissement personnel important (parfois difficile équilibre vie pro/vie privée).;J'ai travaillé chez D2SI à temps plein moins d'un an;Employé actuel - Employé anonyme;;2;13770-AVIS-SOC-GLASSDOOR-E1013306_P1.html;179;D2SI;4.0
Avantages : L'ambiance L'intégration Management de proximité Société en pleine croissance Inconvénients : Il faut maîtriser l'anglais, ne pas être obsolète au niveau des connaissances IT;Je travaille chez Expertime à;Intérimaire actuel - Intérimaire anonyme;Viroflay;4;13571-AVIS-SOC-GLASSDOOR-E1061225_P1.html;18;Expertime;3.7
Avantages : Une certaine liberté dans les projets Inconvénients : suivi de carrière inexistant, employé = ressource jetable;J'ai travaillé chez Adthink-Media à temps plein plus d'un an;Ancien employé - Employé anonyme;Tassin;2;13771-AVIS-SOC-GLASSDOOR-E1125581_P1.html;180;Adthink-Media;2.8
Avantages : jours de repos supplémentaire pour travail durant WE et JF primes de déplacement tout pays toutes conditions Inconvénients : interessement et participation aux bénéfices inexistants pas de 13 mois salaire de base inférieur au marché. evolution de carriere non prévu.;Je travaille chez SKF à temps plein depuis plus de 10 ans;Employé actuel - Field Service Engineer;Nieuwegein;3;13772-AVIS-SOC-GLASSDOOR-E3974_P1.html;181;SKF;4.0
Avantages : Travailler dans une boite comme Gfi étant consultant on a moins de risque d'être en inter contrat Inconvénients : Le salaire, pas de prime, pas de considération on est come un numéro qu'on peut changer à tout moment parce qu'on a du nombre.;J'ai travaillé chez GFI à temps plein plus de 3 ans;Ancien employé - Consultant Amoe/amoa;Paris;3;13777-AVIS-SOC-GLASSDOOR-E116383_P1.html;182;GFI;2.9
Avantages : Comité d'entreprise, tickets restaurant, choix des missions Inconvénients : Pas de connaissance du marché;Je travaille chez GFI à temps plein depuis plus de 8 ans;Employé actuel - consultant moa banque finance;Neuilly;3;13777-AVIS-SOC-GLASSDOOR-E116383_P2.html;183;GFI;2.9
NULL NULL;Je travaille chez Gfi Informatique à temps plein depuis plus de 5 ans;Ancien employé - Consultante;La Chapelle;4;13778-AVIS-SOC-GLASSDOOR-E9028_P1.html;184;Gfi Informatique;3.4
Avantages : Mutuel, Qualité des collègues de travail Inconvénients : Locaux minuscule, Formations inexistante, peut voir pas de moyen mis a disposition des équipes;Je travaille chez Gfi Informatique à temps plein depuis plus de 3 ans;Employé actuel - Développeur;Montpellier;5;13778-AVIS-SOC-GLASSDOOR-E9028_P2.html;185;Gfi Informatique;3.4
Avantages : - Bonne ambiance de travail Inconvénients : - pas d’évolution - pas d'augmentation de salaire en 3 ans;Je travaille chez GFI Software à temps plein depuis plus de 3 ans;Employé actuel - Employé anonyme;;3;13779-AVIS-SOC-GLASSDOOR-E33451_P1.html;186;GFI Software;2.2
NULL NULL;J'ai travaillé chez GFI Group à plus de 5 ans;Senior;Londres, Angleterre;3;13780-AVIS-SOC-GLASSDOOR-E35333_P1.html;187;GFI Group;3.2
Avantages : Super bonnes conditions de travail, belle équipe et énergie. Inconvénients : Les politiques, la culture et les procédures sont déjà établis, pas de place pour la nouveauté ou au changement.;J'ai travaillé chez ACCEO Solutions à temps plein plus de 3 ans;Ancien employé - Analyst Programmer;Québec, QC;3;13783-AVIS-SOC-GLASSDOOR-E231247_P1.html;188;ACCEO Solutions;3.3
NULL NULL;J'ai travaillé chez GFI Group à plus de 5 ans;Senior;Londres, Angleterre;3;13787-AVIS-SOC-GLASSDOOR-E35333_P1.html;189;GFI Group;3.2
Avantages : Expertime est une entreprise humaine, à l’écoute de ses collaborateurs. J’apprécie les actions mises en œuvre pour leur bien-être et leur épanouissement (espace co-working, panier de fruits, formations etc.) Je recommande vivement cette entreprise Inconvénients : La distance entre le centre de Paris et Viroflay. Cela dit Viroflay est quand même facilement accessible grâce à ses 2 lignes de train (départ gare St Lazare & départ Gare Montparnasse) + RER C;Je travaille chez Expertime à temps plein;Employé actuel - Expert technique;Paris;5;13571-AVIS-SOC-GLASSDOOR-E1061225_P2.html;19;Expertime;3.7
Avantages : Facilité à évoluer, changer de postes/missions Inconvénients : Grand groupe, organisation matricielle, cloisonnement inter BU;Je travaille chez Gfi Informatique à temps plein depuis plus de 5 ans;Ancien employé - Consultante;La Chapelle;4;13790-AVIS-SOC-GLASSDOOR-E9028_P1.html;190;Gfi Informatique;3.4
Avantages : Mutuel, Qualité des collègues de travail Inconvénients : Locaux minuscule, Formations inexistante, peut voir pas de moyen mis a disposition des équipes;Je travaille chez Gfi Informatique à temps plein depuis plus de 3 ans;Employé actuel - Développeur;Montpellier;5;13790-AVIS-SOC-GLASSDOOR-E9028_P2.html;191;Gfi Informatique;3.4
Avantages : Travailler dans une boite comme Gfi étant consultant on a moins de risque d'être en inter contrat Inconvénients : Le salaire, pas de prime, pas de considération on est come un numéro qu'on peut changer à tout moment parce qu'on a du nombre.;J'ai travaillé chez GFI à temps plein plus de 3 ans;Ancien employé - Consultant Amoe/amoa;Paris;3;13791-AVIS-SOC-GLASSDOOR-E116383_P1.html;192;GFI;2.9
Avantages : Comité d'entreprise, tickets restaurant, choix des missions Inconvénients : Pas de connaissance du marché;Je travaille chez GFI à temps plein depuis plus de 8 ans;Employé actuel - consultant moa banque finance;Neuilly;3;13791-AVIS-SOC-GLASSDOOR-E116383_P2.html;193;GFI;2.9
Avantages : - Bonne ambiance de travail Inconvénients : - pas d’évolution - pas d'augmentation de salaire en 3 ans;Je travaille chez GFI Software à temps plein depuis plus de 3 ans;Employé actuel - Employé anonyme;;3;13792-AVIS-SOC-GLASSDOOR-E33451_P1.html;194;GFI Software;2.2
NULL NULL;J'ai travaillé chez ACCEO Solutions à temps plein plus de 3 ans;Ancien employé - Analyst Programmer;Québec, QC;3;13795-AVIS-SOC-GLASSDOOR-E231247_P1.html;195;ACCEO Solutions;3.3
Avantages : Multinationale et renommée du groupe, intéressement, Inconvénients : Le management n'est pas au niveau;J'ai travaillé chez Accor à temps plein plus de 10 ans;Employé actuel - Employé anonyme;Paris;4;13796-AVIS-SOC-GLASSDOOR-E3054_P1.html;196;Accor;3.8
Avantages : Une grande entreprise avec beaucoup de potentiel. Inconvénients : La direction d'un « club de vieux garçons » à deux visages protégeant leurs emplois cloisonnés (je faisais partie de l'équipe de direction et j'ai donc vu la politique de mes propres yeux) de manière destructive et ouvertement agressive, criant dans les réunions, intimidant et aliénant les nouveaux employés embauchés avec des compétences modernes et une expérience plus pertinentes que leurs propres « guerres...intestines ». La direction venant des États-Unis n'a aucune idée de la façon dont les choses fonctionnent en France et n'a ni le cran ni l'intégrité pour y remédier. Plus de 50 p. des 100 employés sont actuellement des entrepreneurs.... c'est un autre problème majeur... les entrepreneurs n'ont aucun intérêt direct autre que celui de continuer à recevoir un chèque de paie. Ils promettent le monde, un grand environnement, etc., et ne délivrent rien d'autre que le contraire. Environnement malsain. Gardez-vous d'y aller.Dérouler;Je travaille chez Accor à temps plein depuis plus de 5 ans;Employé actuel - Formateur;Évry, Île-de-France;5;13796-AVIS-SOC-GLASSDOOR-E3054_P2.html;197;Accor;3.8
Avantages : Bon environnement de travail, bonne équipe Inconvénients : Système de quarts de travail, travaillant parfois la nuit ou étant libre pendant la semaine;Je travaille chez ibis à;Anonymous;Paris;3;13800-AVIS-SOC-GLASSDOOR-E1443740_P1.html;198;ibis;3.9
Avantages : Carte accord qui vous permet d'avoir de bonne remise dans tous les hôtels du groupe accord. Repas fourni sur place, pas chère mais loin d'être bon. Inconvénients : Aucune considération de la part de la direction et des clients. Horaires décalés. Travail de nuit de temps en temps pour remplacer le réceptionniste de nuit. Salaire très bas.;J'ai travaillé chez ibis à temps plein plus d'un an;Ancien employé - Receptionist;Châtelaillon;3;13800-AVIS-SOC-GLASSDOOR-E1443740_P2.html;199;ibis;3.9
NULL NULL;Je travaille chez Devoteam à temps plein depuis plus de 5 ans;Employé actuel - Ingénieur Devops;Paris;5;13546-AVIS-SOC-GLASSDOOR-E12966_P2.html;2;Devoteam;4.1
Avantages : Une société pleine de valeurs où il fait bon vivre ! Inconvénients : Je cherche, je cherche mais je ne trouve pas.;Je travaille chez Adsearch à depuis moins d'un an;Stagiaire actuel - Chargée De Recrutement;Bordeaux, Aquitaine;4;13572-AVIS-SOC-GLASSDOOR-E2098670_P1.html;20;Adsearch;4.5
Avantages : 13ème mois, transports remboursés à 50%... Inconvénients : Management de l'ancien temps !;Je travaille chez La Redoute à temps plein depuis plus d'un an;Employé actuel - Project Coordinator;Roubaix;3;13801-AVIS-SOC-GLASSDOOR-E736804_P1.html;200;La Redoute;3.9
Avantages : Bonne ambiance/ proximitée du site de Rungis /horaires décalés à l'opposé des horaires de bureau habituels / travail diversifié Inconvénients : salaire insufisant / travail intensif nécessitant une bonne résistance au stress;J'ai travaillé chez La Redoute à;;Lille;1;13801-AVIS-SOC-GLASSDOOR-E736804_P2.html;201;La Redoute;3.9
Avantages : Aucun avantage dans cette société Inconvénients : Management par la terreur en permanence;Je travaille chez LA REDOUTE à temps plein;Employé actuel - Employé anonyme;;1;13802-AVIS-SOC-GLASSDOOR-E3127620_P1.html;202;LA REDOUTE;0.0
Avantages : on y apparent très bien, les mission sont intéréssantes Inconvénients : le stress est présent mais cela fait parti du métier;Je travaille chez Veolia à temps plein depuis plus d'un an;Employé actuel - Digital Product Manager;Douarnenez;5;13803-AVIS-SOC-GLASSDOOR-E20114_P1.html;203;Veolia;3.4
Avantages : Entreprise humaine et enrichissantes. Évolution de carrière Inconvénients : Aucun, ce qui est de plus en plus rare.;Je travaille chez Veolia à temps plein;Employé actuel - Comptable;Anderlecht;1;13803-AVIS-SOC-GLASSDOOR-E20114_P2.html;204;Veolia;3.4
Avantages : Contexte international stimulant. Beaucoup de technologies. Il est possible d'avoir un beau parcours si l'on est prêt à bouger vraiment beaucoup. Le management aime sa boite, c'est bien. Inconvénients : Les révisions salariales ne sont intéressantes qu'au changement de poste et c'est vraiment dommage. Il y a encore peu de femmes au sein de l'équipe dirigeante.;Je travaille chez OTV à temps plein depuis plus de 8 ans;;Suresnes;5;13805-AVIS-SOC-GLASSDOOR-E846722_P1.html;205;OTV;4.2
Avantages : De moins en moins d avantages Inconvénients : Les temps de travaille à rallonge;Je travaille chez Veolia Water Tech à temps plein depuis plus de 5 ans;Employé actuel - Responsable service technique;Wissous;4;13806-AVIS-SOC-GLASSDOOR-E2701639_P1.html;206;Veolia Water Tech;3.7
Avantages : Travail dans le secteur bancaire Bien payé Inconvénients : Horaires et contexte très exigeants;Je travaille chez Groupe NICOLLIN - Groupe VEOLIA à temps plein;Employé actuel - Employé anonyme;;3;13807-AVIS-SOC-GLASSDOOR-E1260894_P1.html;207;Groupe NICOLLIN - Groupe VEOLIA;3.0
Avantages : 13éme mois, chèque vacances, chèque culture, Bon CE. Bons d’achat cadeaux noël, etc... Inconvénients : Un problème de management;Je travaille chez Transdev à temps plein depuis plus de 10 ans;Ancien employé - Assistante RH;Issy;1;13809-AVIS-SOC-GLASSDOOR-E413452_P1.html;208;Transdev;2.9
Avantages : une entreprise très axée sur l'humain Inconvénients : difficulté à garder nos marchés, concurrence extrèmement aggressive;J'ai travaillé chez Transdev à temps plein plus de 8 ans;Ancien employé - Employé anonyme;Chambéry;5;13809-AVIS-SOC-GLASSDOOR-E413452_P2.html;209;Transdev;2.9
Avantages : La bonne humeur, l'entraide et la jeunesse d'esprit de tous les adsearchers. Inconvénients : Aucuns inconvénients probants. La marque se développe rapidement alors parfois l'organisation est un peu fouillis mais voilà tout.;Je travaille chez Adsearch à temps plein depuis moins d'un an;Employé actuel - Consultante;;5;13572-AVIS-SOC-GLASSDOOR-E2098670_P2.html;21;Adsearch;4.5
Avantages : Travailler dans une société où la simplicité et l'humain sont au coeur de la structure. Bienveillance en interne pour que être bienveillant avec nos candidats et intérimaires. Les salaires fixes ne sont pas énormes mais le variable est important et ACCESSIBLE ! La direction n'est qu'à un ou deux niveau au dessus de chaque employé ! Vous pouvez communiquer avec votre DG sans problème Inconvénients : Comme toutes sociétés de recrutement, très peu d'avantages. Mais des supérieurs attentifs aux bien être des salariés.;Je travaille chez Groupe Adéquat à temps plein depuis plus de 3 ans;Employé actuel - Consultant recrutement;Lyon;2;13574-AVIS-SOC-GLASSDOOR-E1130973_P1.html;22;Groupe Adéquat;3.9
Avantages : Groupe familiale dans lequel le travail, le respect des personnes et la prise en compte de l'évolution personnelle ne sont pas de vains mots. L'encadrement soutient ses collaborateurs dans les bons comme dans les mauvais moments. Les équipes ont la liberté de pouvoir proposer des projets et d'être entendu. Inconvénients : Il n'y a pas de CE.;Je travaille chez Groupe Adéquat à temps plein depuis plus de 10 ans;Employé actuel - chargée de compte;Poitiers;4;13574-AVIS-SOC-GLASSDOOR-E1130973_P2.html;23;Groupe Adéquat;3.9
Avantages : Aucun vu qu'on n'est pas payé. Inconvénients : On n'est pas payé si MFP n'est pas payé par ses propres clients. Sacré inconvénient et sacrément illégal ! Essaie de vous faire signer des contrats a posteriori modifiant les termes convenus à la commande.;J'ai travaillé chez Multimedia France Productions à;Ancien freelance - Sous-titreuse;Paris;1;13575-AVIS-SOC-GLASSDOOR-E1922609_P1.html;24;Multimedia France Productions;1.0
Avantages : Ticket restaurant, Autonomie, mission chez différents clients inintéressantes. Inconvénients : Manque de suivi et d'écoute par les managers, sauf au moment des Entretiens annuels, ou une rupture conventionnelle ??? Pas de visite médicale, pas de formations (plusieurs demandes), ne suivent pas les conventions collectives.;Je travaille chez Modis à temps plein depuis plus de 3 ans;Employé actuel - Team Leader;Cergy-Pontoise, Val-d'Oise, Île-de-France;4;13576-AVIS-SOC-GLASSDOOR-E18712_P1.html;25;Modis;3.2
Avantages : Très bonne boite / bonne ambiance Inconvénients : Avantages CE pas assez développés;J'ai travaillé chez Modis à temps plein plus d'un an;Employé actuel - Ingénieur D'étude Et Développement;Pau, Aquitaine;2;13576-AVIS-SOC-GLASSDOOR-E18712_P2.html;26;Modis;3.2
Avantages : Possibilité de travailler sur de vastes projets d'importance stratégique dans le domaine de la haute technologie. De nombreuses possibilités d'évoluer avec des projets variés. Grande autonomie pour chaque employé. Inconvénients : Mauvaise gestion des RH, carrière décidée par le diplôme initial. Difficulté à lancer de nouveaux projets. Lenteur administrative fréquente dans la vie quotidienne.;Je travaille chez UK Ministry of Defence à;Anonymous;Paris;4;13577-AVIS-SOC-GLASSDOOR-E235143_P1.html;27;UK Ministry of Defence;3.5
Avantages : Travailler auprès d'experts reconnus dans un marché ouvert et dynamique, c'est la garantie d'apprendre au quotidien et de participer à l'excellence dans l'open source. L'ambiance est également un des principaux avantages. Inconvénients : Une société qui grandit vite peut parfois représenter un inconvénient.;J'ai travaillé chez Smile Group à temps plein plus d'un an;Employé actuel - Chef De Projet;Asnières-sur-Seine;5;13584-AVIS-SOC-GLASSDOOR-E1044716_P1.html;28;Smile Group;3.7
Avantages : stabilité et très bonne ambiance Inconvénients : Faible évolution de la rémunération;Je travaille chez Smile Group à temps plein depuis moins d'un an;Employé actuel - Analyste développeur;Asnières-sur-Seine;4;13584-AVIS-SOC-GLASSDOOR-E1044716_P2.html;29;Smile Group;3.7
Avantages : Grande entreprise mondiale, facilité pour les jeunes diplômés, de bons stages, salaires attractifs pour les ingénieurs, cadres moins pour les postes d'assistantes Evolution interne pour ceux considérés comme des Talents. Un siège moderne, avec une cantine et salle de sport, tramway à 10 min à pied Très belle expérience pour les stagiaires et alternants Inconvénients : Loin de la Défense, les assistantes sont pas bien considérées et de moins ne moins présentes, salaires des Etam et assistantes cadres pas élévés (pas d'augmentation régulière sauf grâce aux RP ), participation et intéressement très faible (mini légal) pour un grand groupe, 30 jours de CP, un CET, RTT, chèque vacances/ culture et Noel si Atos International ...;Je travaille chez Atos à temps plein depuis plus de 10 ans;Employé actuel - Assistante Du CFO Groupe;Lyon;2;13550-AVIS-SOC-GLASSDOOR-E10686_P1.html;3;Atos;3.3
Avantages : Bonne ambiance, entreprise ayant des valeurs humaines, évolution de carriere Inconvénients : convention collective des industries pharmaceutiques;Je travaille chez Cegedim à temps plein depuis moins d'un an;Employé actuel - Consultant fonctionnel;Lyon;1;13585-AVIS-SOC-GLASSDOOR-E13058_P1.html;30;Cegedim;3.3
NULL NULL;J'ai travaillé chez Cegedim à temps plein moins d'un an;Ancien employé - Full Stack Developer;Paris;1;13585-AVIS-SOC-GLASSDOOR-E13058_P2.html;31;Cegedim;3.3
Avantages : Groupe agréable Commerciaux à l'écoute des employés Inconvénients : Salaire moyennement élevé comparé aux concurrents;J'ai travaillé chez Groupe Creative à temps plein moins d'un an;Ancien employé - Employé anonyme;;1;13586-AVIS-SOC-GLASSDOOR-E649071_P1.html;32;Groupe Creative;3.6
Avantages : Prime en juillet et janvier, ticket restaurant, cuisine avec micro onde et lave vaisselle Inconvénients : Les salaires sont bas comparés à la moyenne/ marché du travail. Beaucoup de turn over, ce qui peut être perturbant au travail.;J'ai travaillé chez Robert Half à temps plein moins d'un an;Ancien employé - assistante commerciale RH;Massy, Île-de-France;5;13587-AVIS-SOC-GLASSDOOR-E1838_P1.html;33;Robert Half;3.6
Avantages : Une entreprise dynamique qui vous donne votre chance. Des possibilités d'évolutions rapides. Equipe jeune. Inconvénients : Doit encore travailler sur plus de flexibilité pour ses salariés (télétravail par exemple).;Je travaille chez Robert Half à temps plein depuis plus d'un an;Employé actuel - Senior Consultant;Lyon;4;13587-AVIS-SOC-GLASSDOOR-E1838_P2.html;34;Robert Half;3.6
NULL NULL;Je travaille chez Lacoste à temps plein depuis plus de 3 ans;Employé actuel - Contrôleur De Gestion;Paris;3;13596-AVIS-SOC-GLASSDOOR-E111193_P1.html;35;Lacoste;3.4
Avantages : nombreux projets locaux et globaux Inconvénients : ambiance de travail très peu de valeur ajoutée peu de place pour l'initiative;Je travaille chez Lacoste à temps plein depuis plus d'un an;Employé actuel - Global Market Activity Executive;Paris;2;13596-AVIS-SOC-GLASSDOOR-E111193_P2.html;36;Lacoste;3.4
NULL NULL;J'ai travaillé chez Lacoste Traiteur à plus de 5 ans;Chargé De Projets;;3;13598-AVIS-SOC-GLASSDOOR-E1363502_P1.html;37;Lacoste Traiteur;3.5
Avantages : Salaires confortables mais qui compensent une forte précarité et une mutuelle médiocre Inconvénients : Sous-effectif permanent, pas d'investissement dans les infrastructures, changement fréquents de priorités ou même de stratégie;Je travaille chez CGIAR à temps plein depuis plus de 3 ans;Employé actuel - Employé anonyme;;2;13600-AVIS-SOC-GLASSDOOR-E541990_P1.html;38;CGIAR;3.2
Avantages : Autonomie, Polyvalence, challenge, independance, vie privé Inconvénients : Le manager nous guide peu.;Je travaille chez Volvo Group à temps plein depuis plus d'un an;Employé actuel - Business Analyst;Gothenburg;5;13602-AVIS-SOC-GLASSDOOR-E3516_P1.html;39;Volvo Group;4.0
Avantages : ambiance, CE, resto, proximité avec le client Inconvénients : suivi, mission, concurrence entre les différences agences;Je travaille chez Atos à temps plein depuis moins d'un an;Employé actuel - Ingénieur Développement Logiciel;Paris;2;13550-AVIS-SOC-GLASSDOOR-E10686_P2.html;4;Atos;3.3
Avantages : Une bonne ambiance de travail, des collègues sympathiques Inconvénients : Certaines décisions de l'encadrement, la politique de ressources humaines;J'ai travaillé chez Volvo Group à temps plein plus d'un an;Ancien employé - Anonymous;Gand;3;13602-AVIS-SOC-GLASSDOOR-E3516_P2.html;40;Volvo Group;4.0
Avantages : Des opportunités de carrière et présent partout dans le monde. Une expérience enrichissante avec un accès rapide à des responsabilités. Employeur équitable. Inconvénients : La bureaucratie dans une organisation si grande ralentit parfois le travail.;J'ai travaillé chez Volvo Trucks à temps plein plus de 3 ans;Ancien employé - Coordinateur;Greensboro, NC;1;13603-AVIS-SOC-GLASSDOOR-E5772_P1.html;41;Volvo Trucks;3.9
Avantages : Culture d'entreprise et perspective produit Inconvénients : Reconnaissance salariale et perspective d'evolution;Je travaille chez Volvo Cars à temps plein depuis plus de 10 ans;Employé actuel - Zone Manager;;4;13604-AVIS-SOC-GLASSDOOR-E37990_P1.html;42;Volvo Cars;4.1
Avantages : Belley est un endroit où il fait bon vivre. Entouré de nature dans un environnement calme. Bon équilibre entre travail et vie privée La plupart des employés sont des personnes aimables avec des valeurs, d'expérience et compétentes. Inconvénients : C'était beaucoup mieux avant. Constamment sur le déclin. Tout tourne autour du résultat. Manque d'orientations. Faible reconnaissance, micro-gestion , aucune confiance entre les services et rien n'est fait pour améliorer les choses. Licenciements réguliers. Certains directeurs peuvent ne montrer aucune empathie ou respect. Pas une culture de travail d'équipe et de performance.;Je travaille chez Volvo Construction Equipment à temps plein;Employé actuel - Anonymous;Belley, Rhône-Alpes;1;13606-AVIS-SOC-GLASSDOOR-E31197_P1.html;43;Volvo Construction Equipment;4.0
Avantages : Le management laisse une grande autonomie. Beaucoup d'opportunités de travailler avec des personnes très différentes partout dans le monde. Grands défis à relever. Inconvénients : La couche des cadres moyens est figée (certains managers occupent la même position depuis plus de 15 ans). Les salaires sont inférieurs à la moyenne du marché. Il est parfois difficile de travailler avec le QG.;Je travaille chez Volvo Information Technology à;Chef De Projet;;4;13607-AVIS-SOC-GLASSDOOR-E301204_P1.html;44;Volvo Information Technology;3.5
Avantages : feu vert est un entreprise avec un maillage nationale qui permet de pourvoir trouver un emploi non loin de son domicile Inconvénients : Le niveau de rémunération est faible pour les techniciens. Pour l'encadrement les conditions de travail dépendent beaucoup trop de l'humeur et de la vision du directeur opérationnel;J'ai travaillé chez Feu Vert à temps plein plus de 5 ans;Ancien employé - Directeur de centre auto;Paris;4;13612-AVIS-SOC-GLASSDOOR-E845851_P1.html;45;Feu Vert;2.8
Avantages : beaucoup de possibilité d'apprentissage. beaucoup de poste demande de savoir gerer différents postes au besoin. Si l'intégration était bien suivie et que la formation était complete cela permettrait d'avoir de très bons collaborateurs de travail. Inconvénients : Pas assez de temps accordé aux nouveaux collaborateurs et trop peu de confiance leur est accordée. Etre directeur de magasin ne veut pas dire passer ses nerfs sur tout le monde, ne pas reconnaitre les erreurs des uns et les reporter sur dautres collegues. Un directeur n'est pas un roi qui aurait des employés comme tête de turcs. Aucune possibilité d'évolution de carrière.;J'ai travaillé chez Feu Vert à moins d'un an;Ancien intérimaire - agent de caisse;Barberey-Saint-Sulpice;3;13612-AVIS-SOC-GLASSDOOR-E845851_P2.html;46;Feu Vert;2.8
Avantages : Beaucoup d'avantages, bonne ambiance et locaux sympa Inconvénients : Quartier pas génial c'est dommage;J'ai travaillé chez SeLoger à temps plein plus de 5 ans;Ancien employé - Employé Anonyme;;1;13614-AVIS-SOC-GLASSDOOR-E230035_P1.html;47;SeLoger;4.3
Avantages : de bonnes valeurs avec une ambiance sympa, bel esprit d'équipe au global (même si comme d'hab ça dépend des managers et de l'équipe aussi). Boite hyper dynamique, des projets tout le temps et des budgets pour faire de belles choses, on apprend bcp et big up à la com interne pur les apéros au top ! Inconvénients : dans le 18e vers Marcadet,, donc un peu excentré, mais la super terrasse compense bien ça !;Je travaille chez SeLoger à temps plein depuis plus de 3 ans;Employé actuel - service client;Nice;5;13614-AVIS-SOC-GLASSDOOR-E230035_P2.html;48;SeLoger;4.3
Avantages : Beaux produits, belle technologie, Organisation industrielle à la pointe, méritocratie. Inconvénients : Pas de gros inconvénients à ma connaissance, comme toutes les autres entreprises.;Je travaille chez CNH Industrial à temps plein;Ancien employé - Assistant exécutif;Lugano;5;13615-AVIS-SOC-GLASSDOOR-E6538_P1.html;49;CNH Industrial;3.5
Avantages : Je ne suis pas resté assez longtemps pour savoir si cela m'aurait permis d'avoir des avantages particulier. Mais je pense qu'on a tous une chance d'obtenir un bonus.... Inconvénients : Le salaire n'est pas conséquent mais à l'heure ou je vous parle, j'ai pris le large :-) c'était 35000 euros annuel.;Je travaille chez Atos à temps plein depuis plus de 5 ans;Employé actuel - Ingénieur Production;Paris;3;13551-AVIS-SOC-GLASSDOOR-E794111_P1.html;5;Atos;3.6
Avantages : Il y a tellement à faire que chaque jour est un défi! Les opportunités sont donc immenses et les challenges nombreux. Société réellement multi-culturelle. Inconvénients : Absence totale de vision à long terme, a minima dans ce qui est partagé par la direction avec les équipes. Ce manque ne pousse pas à un réel travail d'équipe, les services sont vite en lutte les uns contre les autres plutôt qu'en travail collectif au service de la société et ses clients. La société demande toujours plus mais ne donne pas beaucoup en retour (formation, rémunération). Lancer un projet n'est pas...difficile, le faire vivre parmi les centaines d'autres l'est plus.Dérouler;Je travaille chez CNH Industrial à temps plein depuis plus d'un an;Employé actuel - Quality Product Support;Lyon;2;13615-AVIS-SOC-GLASSDOOR-E6538_P2.html;50;CNH Industrial;3.5
Avantages : Flexibilité Opportunités International Ambiance Autonomie Inconvénients : Désordre Management Organisation Manque de projets Mode de travail;Je travaille chez CNH Industrial Capital à temps plein;Employé actuel - Employé anonyme;;4;13617-AVIS-SOC-GLASSDOOR-E139323_P1.html;51;CNH Industrial Capital;3.9
NULL NULL;J'ai travaillé chez SOTRAVO Filiale SOLOCAL GROUP à temps plein plus de 3 ans;Ancien employé - Commerciale;Montigny;3;13618-AVIS-SOC-GLASSDOOR-E1136406_P1.html;52;SOTRAVO Filiale SOLOCAL GROUP;3.0
Avantages : Travail d’equipe, bons locaux, supers managers Inconvénients : Salaire, beaucoup de travail, stress;Je travaille chez SoLocal Group à temps plein;Ancien employé - Key Account Manager;Paris;5;13619-AVIS-SOC-GLASSDOOR-E800152_P1.html;53;SoLocal Group;2.9
NULL NULL;Je travaille chez SoLocal Group à temps plein;Employé actuel - Employé anonyme;Dijon, Bourgogne;1;13619-AVIS-SOC-GLASSDOOR-E800152_P2.html;54;SoLocal Group;2.9
NULL NULL;J'ai travaillé chez Morgan Philips Group à;Ancien stagiaire - Ingénieur Stagiaire;Strasbourg;5;13621-AVIS-SOC-GLASSDOOR-E1178969_P1.html;55;Morgan Philips Group;3.9
Avantages : Bon endroit pour se développer, très bons outils et solution innovante à proposer au client. Plusieurs formations proposées au cours de votre expérience. Excellente atmosphère. Inconvénients : si vous n’aimez pas les développements des affaires, ne venez pas;Je travaille chez Morgan Philips Executive Search à;Consultant;Genève;5;13622-AVIS-SOC-GLASSDOOR-E847875_P1.html;56;Morgan Philips Executive Search;3.9
Avantages : Aucun. Absolument aucun avantage, une entreprise en perdition. Inconvénients : N'allez surtout pas dans cette entreprise, vous serez mal payé et en plus vous serez traité comme un chien. On vous donnera 1400 livres net en tant que delivery et vous devrez faire tous le travail. En travaillant 42h par semaine.;J'ai travaillé chez Montreal Associates à temps plein plus d'un an;Ancien employé - Chargée De Recrutement;Londres, Angleterre;1;13623-AVIS-SOC-GLASSDOOR-E1146056_P1.html;57;Montreal Associates;4.3
NULL NULL;J'ai travaillé chez STM à temps plein moins d'un an;Employé actuel - Employé anonyme;Montréal, QC;5;13624-AVIS-SOC-GLASSDOOR-E397805_P1.html;58;STM;3.7
Avantages : entreprise reconnu,stable,serviable,grands entreprisr,rentable,motivé,fédale,respects les clients surtou les horaires de travailles Inconvénients : temps en temps des petites enpanne au niveaux de mitro plus le bruit;J'ai travaillé chez STM à temps partiel plus de 10 ans;Ancien employé - Agent de prévention et de sécurité;;4;13624-AVIS-SOC-GLASSDOOR-E397805_P2.html;59;STM;3.7
Avantages : Jours de congé supplémentaires (wellness), team events (bien que de plus en plus rares), petites attentions au bureau (pains au chocolat, fruits, boissons etc...) Inconvénients : Depuis le rachat de CTP par Atos, la division Atos consulting est en perdition. Les employés fuient, se font licencier ou vont se faire licencier. Nous sommes passés de 250 en Suisse à 150? voir moins.L'ambiance est forcément en conséquences...et c'est franchement la fin. A moyen terme le bureau de Nyon devrait fusionner avec celui de Renens j'imagine.;Je travaille chez Atos Consulting à temps plein depuis plus de 10 ans;Employé actuel - Senior Manager;Nyon;1;13552-AVIS-SOC-GLASSDOOR-E2131167_P1.html;6;Atos Consulting;2.8
Avantages : on apprend le genie à la dure Inconvénients : on apprends souvent plus le genie avec google...;Je travaille chez Polytechnique Montréal à temps partiel;Employé actuel - Chercheur postdoctoral;;4;13625-AVIS-SOC-GLASSDOOR-E192082_P1.html;60;Polytechnique Montréal;4.4
Avantages : un bon environement, un bon salaire pour un etudiant Inconvénients : le stress de la recherche;Je travaille chez Polytechnique Montréal à;;Montréal, QC;4;13625-AVIS-SOC-GLASSDOOR-E192082_P2.html;61;Polytechnique Montréal;4.4
Avantages : Expérience enrichissante, les personnes avec qui je travaillais étaient aimable. Bon environnement de travail. Inconvénients : Pression au niveau de la vente;J'ai travaillé chez BMO Financial Group à temps partiel moins d'un an;Employé actuel - Caissier;Montreuil, Île-de-France;4;13626-AVIS-SOC-GLASSDOOR-E3765_P1.html;62;BMO Financial Group;3.7
Avantages : opportunités intéressante, avangardiste, bonne technologie Inconvénients : processus difficile, trop lent à changer;J'ai travaillé chez BMO Financial Group à temps plein plus d'un an;Employé actuel - Financial Services Manager;Longueuil, QC;2;13626-AVIS-SOC-GLASSDOOR-E3765_P2.html;63;BMO Financial Group;3.7
Avantages : multicultural, agreeable, interesting, dynamic Inconvénients : theory, CDD, na, na;Je travaille chez Concordia University à temps plein depuis plus d'un an;Employé actuel - Chercheur postdoctoral;Montréal, QC;4;13627-AVIS-SOC-GLASSDOOR-E253618_P1.html;64;Concordia University;4.0
Avantages : Milieu stimulant et dynamique Sécurité d'emploi 4 semaines de vacances Études payées Inconvénients : Aucune écoute pour le personnel de soutien Traite les employés comme des numéros Aucune flexibilité travail famille (rigidité des horaires) Possibilité d'avancement très limitée;J'ai travaillé chez University of Montreal à temps plein;Employé actuel - Responsable gestion de dossier;;2;13628-AVIS-SOC-GLASSDOOR-E235643_P1.html;65;University of Montreal;3.9
Avantages : Très bien, je recommande à tous. Inconvénients : Aucun, je recommande à tous.;Je travaille chez University of Montreal à temps plein depuis plus de 5 ans;Bibliothécaire;Montréal, QC;5;13628-AVIS-SOC-GLASSDOOR-E235643_P2.html;66;University of Montreal;3.9
NULL NULL;J'ai travaillé chez CRIM (Computer Research Institute of Montreal) à;Ancien stagiaire - Anonymous;;5;13629-AVIS-SOC-GLASSDOOR-E474142_P1.html;67;CRIM (Computer Research Institute of Montreal);3.5
Avantages : Passe d'autobus et bixi remboursée, participation au réer, bonne équilibre travail-famille, fruits frais à tous les jours. Inconvénients : Le nombre de semaine de vacances pourraient être mieux. Bonus rare. Pas de stock options.;Je travaille chez Eidos Montreal à;;;4;13630-AVIS-SOC-GLASSDOOR-E456207_P1.html;68;Eidos Montreal;3.6
Avantages : Traitement humain et considération du salarié Inconvénients : Inconvient inherent au métier de consultant;Je travaille chez Softeam à temps plein depuis plus de 8 ans;Employé actuel - Chef De Projet;Paris;4;13633-AVIS-SOC-GLASSDOOR-E672181_P1.html;69;Softeam;3.4
Avantages : Je pense que cet avis doit etre positif car c'est une belle boite. Inconvénients : Je ne vois pas vraiment d'inconvenient la tout de suite maintenant. Mais ce la peut venir assez vite.;Je travaille chez Atos-Syntel à temps plein;Employé actuel - Employé anonyme;;5;13553-AVIS-SOC-GLASSDOOR-E5304_P1.html;7;Atos-Syntel;3.4
Avantages : Que du positif que j'ai gardé de mon ancienne SSII. Entreprise avec beaucoup de valeurs humaine contrairement à la réputation qu'ont les SSII. Je la conseille Inconvénients : Aucun inconvenient à signaler chez Softeam;Je travaille chez Softeam à temps plein depuis plus de 3 ans;Employé actuel - Développeur;Nantes;5;13633-AVIS-SOC-GLASSDOOR-E672181_P2.html;70;Softeam;3.4
NULL NULL;Je travaille chez NVIDIA à depuis plus de 10 ans;Director of Marketing;Antibes;2;13634-AVIS-SOC-GLASSDOOR-E7633_P1.html;71;NVIDIA;4.5
Avantages : J'ai travaillé pour 2S2I sur une mission de 6 mois au Crédit Agricole. Dès lors que mon profil a été sélectionné par 2S2I, le directeur de la BU a tout fait pour me décrocher une mission chez ses clients. Durant la mission, il a toujours été derrière moi pour m'épauler en cas de besoin. Inconvénients : 2S2I (agence parisienne) est orientée essentiellement vers le secteur bancaire et assurances. Pas d'ouverture vers les autres secteurs.;J'ai travaillé chez 2S2I Solutions & Services à moins d'un an;Ancien freelance - Consultant ITSM;Élancourt;4;13636-AVIS-SOC-GLASSDOOR-E1303620_P1.html;72;2S2I Solutions & Services;3.3
Avantages : Rien que des problèmes là-bas Inconvénients : Management et salaire Comité d’entreprise Organisation;J'ai travaillé chez ALTRAN à temps plein plus de 3 ans;Ancien employé - Employé anonyme;Paris;1;13637-AVIS-SOC-GLASSDOOR-E3133104_P1.html;73;ALTRAN;0.0
NULL NULL;Je travaille chez ALTRAD Group à temps plein;Employé actuel - Employé anonyme;Florensac, Hérault, Languedoc-Roussillon;1;13638-AVIS-SOC-GLASSDOOR-E1481570_P1.html;74;ALTRAD Group;3.6
Avantages : Pas de participation, pas de primes Inconvénients : Pas assez de recul pour répondre à cette question;J'ai travaillé chez Altran Group à temps plein;Employé actuel - Consultant;Paris;3;13639-AVIS-SOC-GLASSDOOR-E7448_P1.html;75;Altran Group;3.5
Avantages : Ils ont de bons clients Inconvénients : Salaire, manager pas présent, pas d'évolution;Je travaille chez Altran Group à temps plein;Employé actuel - Junior Consultant;Puteaux;4;13639-AVIS-SOC-GLASSDOOR-E7448_P2.html;76;Altran Group;3.5
Avantages : Altran offre de belle opportunité de monté en compétences et de valorisé votre profil Inconvénients : à l'exception des placement en mission il n'y a vraiment aucun accompagnemen de parcours de carriere, et les augmentation ne sont obtenue qu'en menaçant de partir;J'ai travaillé chez Altran Engineering Solution à temps plein moins d'un an;Employé actuel - IT Consultant;Vélizy;5;13640-AVIS-SOC-GLASSDOOR-E427636_P1.html;77;Altran Engineering Solution;3.2
Avantages : Des missions, un bon CE Inconvénients : Ils recrutent mais refuse toutes les demandes d'augmentations sous couvert de prétextes ridicules.;J'ai travaillé chez Altran Engineering Solution à temps plein;Ancien employé - Employé anonyme;Vélizy;4;13640-AVIS-SOC-GLASSDOOR-E427636_P2.html;78;Altran Engineering Solution;3.2
Avantages : Compétences d’ingénierie à Gurgaon Volonté de s'améliorer Inconvénients : - Aucune vision de ce qui est nécessaire pour être considéré comme un acteur de premier plan - plan d'affaire concentré sur un seul segment vertical - l'entreprise est totalement sur-administrée par des processus formels - querelles internes incessantes à propos des compétences entre USA et Inde - la réflexion en parallèle n'est pas appréciée;Je travaille chez Altran North America à temps plein depuis plus de 8 ans;Employé actuel - Assistant en Anglais;Paris;2;13641-AVIS-SOC-GLASSDOOR-E28187_P1.html;79;Altran North America;3.6
Avantages : Si vous aimez les gens qui s'approprient vos succès, vos idées : allez-y Pas de plan marketing, aucun dossier de remboursement en cours. Fraude la sécurité sociale en se faisant rembourser les nouvelles prothèses phonatoires avec les anciennes références qui avaient, elles, le droit d'etre remboursées Inconvénients : Trop long à énumérer, mais tant que cette société sera manager que sous l'aspect financier sans tenir compte du reste et plus particulièrement des patients, elle stagnera;J'ai travaillé chez Atos Medical à temps plein plus d'un an;Ancien employé - Sales and Business Development Manager;Bagneux, Île-de-France;1;13554-AVIS-SOC-GLASSDOOR-E855284_P1.html;8;Atos Medical;2.6
Avantages : *Bonne ambiance entre collègues *Esprit d'équipe *Bonne rémunération par rapport au marché Inconvénients : *Société de famille *Mal organisée *L'evolution de carrière ne dépend pas forcement de compétence *Projets peu intéressants *Absence de contribution de RH *Pas de visibilité;Je travaille chez Altran Telnet à temps plein depuis plus d'un an;Employé actuel - Employé anonyme;Tunis;2;13643-AVIS-SOC-GLASSDOOR-E2411165_P1.html;80;Altran Telnet;2.0
Avantages : Primes , tickets restaurants et cadeaux marqués Inconvénients : Horaires du commerce , ouverture le dimanche pour certains;Je travaille chez Sephora à temps plein depuis plus d'un an;Employé actuel - manageur;Nice;1;13645-AVIS-SOC-GLASSDOOR-E14590_P1.html;81;Sephora;3.6
Avantages : Si vous souhaitez travailler en équipe, faire partit d’une équipe souder pour atteindre les objectifs. Inconvénients : Le fait que les personnes au dessus de reconnaisse pas tout le travail que nous sommes amener à faire quotidiennement.;J'ai travaillé chez Sephora à;;Boulogne-Billancourt;2;13645-AVIS-SOC-GLASSDOOR-E14590_P2.html;82;Sephora;3.6
Avantages : International Ambiance salaire carrière evolution Inconvénients : Horaires manque de dynamisme affaires;Je travaille chez LVMH à temps plein depuis plus d'un an;Employé actuel - Chef De Produits;;4;13646-AVIS-SOC-GLASSDOOR-E3489_P1.html;83;LVMH;3.7
Avantages : l'emplacement et la facilité pour integrer l'entreprise Inconvénients : salaire faible, aucune flexibilité, manque d'organisation, de transparence et de clareté;Je travaille chez LVMH à temps plein depuis moins d'un an;Employé actuel - Directeur général;;1;13646-AVIS-SOC-GLASSDOOR-E3489_P2.html;84;LVMH;3.7
Avantages : Une entreprise apte à se réinventer. Ouvrez-vous à un travail autonome et à de belles opportunités pour relever de nouveaux défis. Bonne ambiance et bonnes conditions de travail. Inconvénients : Silos. Doit s’ouvrir à davantage d’interactions et de collaboration entre les différentes équipes/compétences et interfaces. Analyste des risques;Je travaille chez Statkraft AS à temps plein;Employé actuel - Anonymous;;4;13647-AVIS-SOC-GLASSDOOR-E241449_P1.html;85;Statkraft AS;4.0
Avantages : Travailler sur un projet ambitieux sur un marché émergent Un forte croissance en ligne de mire Une équipe dynamique et impliquée Un cadre agréable Inconvénients : Un très haut niveau d'exigence;J'ai travaillé chez Sparklane à temps plein plus de 3 ans;Ancien employé - Sales Executive;Nantes;1;13648-AVIS-SOC-GLASSDOOR-E1137726_P1.html;86;Sparklane;3.4
Avantages : Un beau cadre de travail, des salariés soudés et très sympa, babyfoot, moyenne d'âge entre 30 et 40 ans Inconvénients : Mauvais management, fort turnover, pas d'ecoute de la part de la direction, stratégie changeante tous les 6 mois;J'ai travaillé chez Sparklane à temps plein;Ancien employé - Employé anonyme;;2;13648-AVIS-SOC-GLASSDOOR-E1137726_P2.html;87;Sparklane;3.4
Avantages : Tout à apprendre, de beaux projets, de belles responsabilités Inconvénients : Ambiance et jeux politiques... à fuir;J'ai travaillé chez Manpower à temps plein plus de 8 ans;Employé actuel - Consultant;Carros;4;13649-AVIS-SOC-GLASSDOOR-E2548_P1.html;88;Manpower;4.3
NULL NULL;Je travaille chez Manpower à temps plein depuis plus de 3 ans;Employé actuel - Chargé D'affaire;Valence, Rhône-Alpes;5;13649-AVIS-SOC-GLASSDOOR-E2548_P2.html;89;Manpower;4.3
Avantages : très bonne expérience et enrichissante à tous les niveaux Inconvénients : le seul point à amélioré c'est parfois la communication entre les différents fonctions;Je travaille chez Dassault Systemes à temps plein depuis moins d'un an;Employé actuel - Sofware Engineer;Paris;3;13558-AVIS-SOC-GLASSDOOR-E6162_P1.html;9;Dassault Systemes;3.7
Avantages : esprit de grupe et equipe rh Inconvénients : grille salaire predefini plus adapté au junior;Je travaille chez ITS à temps plein depuis plus de 3 ans;Employé actuel - Consultatnt;Paris;4;13650-AVIS-SOC-GLASSDOOR-E809243_P1.html;90;ITS;3.4
Avantages : Interlocuteurs (responsable de compte, RH) sympas, quelques outils pour le collaborateur Inconvénients : J'ai passé 8 ans chez eux, enfin non, 8 ans en délégation chez les clients. Une seule augmentation significative sous la pression du client, sinon c'est 1% de temps de temps, juste un matricule qui rapporte de la facturation mensuelle, aucun suivi, peu de formation, aucune évolution proposée, culture d'entreprise proche du néant, une ESN de taille modeste et comme tant d'autres, sans âme.;J'ai travaillé chez ITS Group à temps plein plus de 8 ans;Ancien employé - Architecte technique;Saint-Ouen, Île-de-France;2;13652-AVIS-SOC-GLASSDOOR-E788645_P1.html;91;ITS Group;3.5
Avantages : Le salaire et l'ambiance générale Inconvénients : Manque de communication sur la stratégie;Je travaille chez ITS Group à temps plein;Employé actuel - Employé anonyme;Lyon;3;13652-AVIS-SOC-GLASSDOOR-E788645_P2.html;92;ITS Group;3.5
Avantages : très bon laboratoire de recherche Inconvénients : aucun j'ai bien apprécié le temps que j'ai passé dans ce labos;J'ai travaillé chez Loria à plus de 3 ans;;Vandoeuvre;3;13653-AVIS-SOC-GLASSDOOR-E454220_P1.html;93;Loria;4.1
Avantages : - Liberté d'action - Voiture de fonction Inconvénients : - Grande concurrence sur ce secteur - Phase de reprise à la suite du RJ;Je travaille chez ITS Overlap à temps plein;Employé actuel - Employé anonyme;;3;13654-AVIS-SOC-GLASSDOOR-E899918_P1.html;94;ITS Overlap;3.0
Avantages : Égalité des sexes, environnement de travail convivial, Inconvénients : you should be self-discipline and curious to keep updated cause no one asks you to keep learning;J'ai travaillé chez Canon ITS à temps plein plus de 10 ans;Ancien employé - Développeur;Shanghai, Shanghai;4;13655-AVIS-SOC-GLASSDOOR-E717393_P1.html;95;Canon ITS;3.2
Avantages : mutuelle, equipe soudée, great place to work Inconvénients : pas d'inconvenient pour le moment;J'ai travaillé chez Groupe SII à temps plein plus d'un an;Ancien employé - Développeur Java;Élancourt;5;13660-AVIS-SOC-GLASSDOOR-E26056_P1.html;96;Groupe SII;3.6
Avantages : Salaire Avantages Primes Ambiance Inconvénients : Les missions sont encore pas très mature sur le domaine du Cloud. SII doit faire plus d'efforts sur ce sujet;J'ai travaillé chez Groupe SII à temps plein moins d'un an;Employé actuel - Solutions Architect;Montréal, QC;1;13660-AVIS-SOC-GLASSDOOR-E26056_P2.html;97;Groupe SII;3.6
Avantages : Pour une première expérience et première impression je trouve qu'il y a une bonne ambience et le personnel est très sympa. Inconvénients : Je viens de commencer et jusqu'à présent aucun inconvenient.;Je travaille chez Sii Poland à temps plein depuis plus de 3 ans;Employé actuel - Ingénieur Logiciel;Paris;2;13661-AVIS-SOC-GLASSDOOR-E633820_P1.html;98;Sii Poland;4.8
Avantages : pour ceux/celles qui aiment le service clientele et les voitures Inconvénients : Quelques clients difficiles a gerer, manque de vehicule..;Je travaille chez Sii Poland à;;Rennes;2;13661-AVIS-SOC-GLASSDOOR-E633820_P2.html;99;Sii Poland;4.8
